Factory,State/Province,Shipments,AverageLeadTime,LeadTimeStd,MedianLeadTime,RouteEfficiencyScore,DelayFrequencyPct
Lot's O' Nuts,Alabama,34,1295.2058823529412,253.0703315120563,1273.0,47.11876598465473,100.0
Lot's O' Nuts,Alberta,16,1273.875,266.9244275071131,1273.0,50.01698369565217,100.0
Lot's O' Nuts,Arizona,111,1306.1981981981983,253.9011554207598,1274.0,45.625244810027404,100.0
Lot's O' Nuts,Arkansas,31,1285.3548387096773,274.5291178712012,1273.0,48.45722300140253,100.0
Lot's O' Nuts,British Columbia,18,1273.7777777777778,307.0827739638931,1274.0,50.03019323671497,100.0
Lot's O' Nuts,California,1125,1316.9102222222223,265.3738414776562,1274.0,44.16980676328502,100.0
Lot's O' Nuts,Colorado,103,1347.5339805825242,252.65204374108782,1274.0,40.00897002954834,100.0
Lot's O' Nuts,Connecticut,47,1420.5531914893618,249.38575048294325,1635.0,30.087881591119324,100.0
Lot's O' Nuts,Delaware,43,1273.3023255813953,251.91623086934126,1272.0,50.09479271991912,100.0
Lot's O' Nuts,District of Columbia,8,1365.875,168.57676293012628,1275.0,37.51698369565217,100.0
Lot's O' Nuts,Florida,209,1318.6076555023924,283.18378637236333,1274.0,43.93917724152278,100.0
Lot's O' Nuts,Georgia,110,1329.5636363636363,243.441552515676,1274.0,42.4505928853755,100.0
Lot's O' Nuts,Idaho,14,1351.357142857143,255.74915809857885,1273.0,39.489518633540364,100.0
Lot's O' Nuts,Illinois,267,1319.9325842696628,268.3879387446412,1274.0,43.759159745969725,100.0
Lot's O' Nuts,Indiana,90,1366.7888888888888,236.12282532445067,1274.0,37.392814009661855,100.0
Lot's O' Nuts,Iowa,16,1479.0,187.5117774078915,1636.0,22.14673913043478,100.0
Lot's O' Nuts,Kansas,15,1248.8666666666666,216.09616466044093,1273.0,53.41485507246378,100.0
Lot's O' Nuts,Kentucky,77,1325.4025974025974,276.2697604144913,1274.0,43.01595143986449,100.0
Lot's O' Nuts,Louisiana,24,1302.9583333333333,283.0135162184288,1274.0,46.06544384057972,100.0
Lot's O' Nuts,Maine,6,1213.5,149.66462507887425,1274.5,58.22010869565217,100.0
Lot's O' Nuts,Manitoba,2,1454.0,258.8010819142764,1454.0,25.543478260869566,100.0
Lot's O' Nuts,Maryland,60,1370.6666666666667,221.91742751025282,1274.0,36.86594202898549,100.0
Lot's O' Nuts,Massachusetts,76,1292.1184210526317,252.38272350302998,1273.0,47.5382580091533,100.0
Lot's O' Nuts,Michigan,147,1303.0068027210884,247.1988411718261,1273.0,46.05885832593907,100.0
Lot's O' Nuts,Minnesota,43,1350.3953488372092,282.6305125858111,1274.0,39.620197168857445,100.0
Lot's O' Nuts,Mississippi,30,1297.6666666666667,286.77749795500586,1273.5,46.78442028985506,100.0
Lot's O' Nuts,Missouri,36,1364.8333333333333,267.22451769465835,1274.0,37.65851449275363,100.0
Lot's O' Nuts,Montana,8,1319.25,234.00167887065626,1273.5,43.85190217391305,100.0
Lot's O' Nuts,Nebraska,23,1336.1304347826087,237.68108968796182,1274.0,41.55836483931946,100.0
Lot's O' Nuts,Nevada,24,1243.25,239.22233609543338,1273.0,54.17798913043478,100.0
Lot's O' Nuts,New Brunswick,4,1273.25,298.4296399488496,1273.0,50.10190217391305,100.0
Lot's O' Nuts,New Hampshire,13,1272.4615384615386,210.88133131559064,1273.0,50.20903010033443,100.0
Lot's O' Nuts,New Jersey,65,1335.6615384615384,278.66833315582556,1275.0,41.622073578595334,100.0
Lot's O' Nuts,New Mexico,18,1456.9444444444443,258.26308342741896,1639.0,25.14341787439615,100.0
Lot's O' Nuts,New York,645,1330.5162790697675,249.26357709886216,1274.0,42.32115773508593,100.0
Lot's O' Nuts,Newfoundland and Labrador,6,1216.1666666666667,357.44729215181735,1094.5,57.857789855072454,100.0
Lot's O' Nuts,North Carolina,143,1314.1958041958042,249.30645372632327,1274.0,44.538613560352694,100.0
Lot's O' Nuts,North Dakota,5,1638.2,1.6431676725154905,1637.0,0.5163043478260808,100.0
Lot's O' Nuts,Ohio,262,1334.1145038167938,260.4439516916097,1273.0,41.83226850315302,100.0
Lot's O' Nuts,Oklahoma,41,1282.6829268292684,237.45077795454688,1274.0,48.82025450689289,100.0
Lot's O' Nuts,Ontario,28,1246.2857142857142,261.42187518529664,1271.5,53.76552795031057,100.0
Lot's O' Nuts,Oregon,77,1245.1948051948052,269.8786295902309,1273.0,53.91374929418407,100.0
Lot's O' Nuts,Pennsylvania,331,1315.0634441087614,260.4839648858407,1273.0,44.420727702613945,100.0
Lot's O' Nuts,Prince Edward Island,6,1395.8333333333333,298.67468367216304,1456.5,33.44655797101451,100.0
Lot's O' Nuts,Quebec,24,1334.125,298.5522039413893,1275.0,41.83084239130435,100.0
Lot's O' Nuts,Rhode Island,30,1296.9,301.97857311519607,1273.0,46.88858695652173,100.0
Lot's O' Nuts,South Carolina,21,1290.2857142857142,244.66183659433747,1274.0,47.78726708074535,100.0
Lot's O' Nuts,South Dakota,9,1477.2222222222222,322.71960653862425,1640.0,22.388285024154595,100.0
Lot's O' Nuts,Tennessee,109,1390.9633027522937,257.7163214554842,1276.0,34.10824690865575,100.0
Lot's O' Nuts,Texas,569,1310.4604569420035,260.3438522587886,1273.0,45.046133567662565,100.0
Lot's O' Nuts,Utah,29,1236.0,298.2197176579711,1275.0,55.16304347826087,100.0
Lot's O' Nuts,Vermont,5,1492.4,200.2855461584784,1638.0,20.326086956521728,100.0
Lot's O' Nuts,Virginia,109,1229.48623853211,262.0086093679799,1273.0,56.04806541683287,100.0
Lot's O' Nuts,Washington,269,1343.9628252788104,274.9753152303269,1274.0,40.49418134798771,100.0
Lot's O' Nuts,West Virginia,2,1637.0,2.8284271247461903,1637.0,0.6793478260869565,100.0
Lot's O' Nuts,Wisconsin,58,1367.6379310344828,242.37941102097005,1274.0,37.27745502248875,100.0
Lot's O' Nuts,Wyoming,1,1274.0,,1274.0,50.0,100.0
Secret Factory,Alabama,3,1272.3333333333333,366.50011368802245,1272.0,50.22644927536233,100.0
Secret Factory,Alberta,2,1274.5,516.8950570473662,1274.5,49.932065217391305,100.0
Secret Factory,Arizona,5,1127.4,327.5306092566006,909.0,69.91847826086955,100.0
Secret Factory,Arkansas,2,1456.5,259.50818869546293,1456.5,25.203804347826086,100.0
Secret Factory,California,31,1308.2903225806451,288.2563897584216,1274.0,45.340988779803645,100.0
Secret Factory,Colorado,7,1376.5714285714287,178.94306090938275,1272.0,36.06366459627328,100.0
Secret Factory,Connecticut,1,1638.0,,1638.0,0.5434782608695652,100.0
Secret Factory,Delaware,1,909.0,,909.0,99.59239130434783,100.0
Secret Factory,Florida,7,1482.142857142857,196.2603955390462,1639.0,21.719720496894414,100.0
Secret Factory,Georgia,7,1377.857142857143,347.5103972408252,1638.0,35.888975155279496,100.0
Secret Factory,Illinois,13,1328.6923076923076,360.0334208133519,1635.0,42.56897993311038,100.0
Secret Factory,Indiana,4,1456.25,209.86880822710808,1456.0,25.237771739130434,100.0
Secret Factory,Kentucky,2,1637.5,0.7071067811865476,1637.5,0.6114130434782609,100.0
Secret Factory,Louisiana,2,908.5,0.7071067811865476,908.5,99.66032608695652,100.0
Secret Factory,Maryland,3,1517.6666666666667,211.02685453120256,1638.0,16.893115942028974,100.0
Secret Factory,Massachusetts,2,1455.0,260.2152954766495,1455.0,25.407608695652176,100.0
Secret Factory,Michigan,5,1346.2,306.52438728427467,1274.0,40.190217391304344,100.0
Secret Factory,Minnesota,1,909.0,,909.0,99.59239130434783,100.0
Secret Factory,Mississippi,1,908.0,,908.0,99.72826086956522,100.0
Secret Factory,Nebraska,1,906.0,,906.0,100.0,100.0
Secret Factory,Nevada,2,1091.0,261.6295090390226,1091.0,74.86413043478261,100.0
Secret Factory,New Hampshire,1,1641.0,,1641.0,0.1358695652173913,100.0
Secret Factory,New Jersey,2,1274.5,2.1213203435596424,1274.5,49.932065217391305,100.0
Secret Factory,New Mexico,2,906.0,2.8284271247461903,906.0,100.0,100.0
Secret Factory,New York,24,1379.625,274.4296555942256,1274.5,35.64877717391305,100.0
Secret Factory,North Carolina,4,1548.0,181.3560034848585,1637.0,12.771739130434783,100.0
Secret Factory,Ohio,13,1301.2307692307693,314.9267517604038,1275.0,46.30016722408026,100.0
Secret Factory,Oregon,2,1271.5,0.7071067811865476,1271.5,50.33967391304348,100.0
Secret Factory,Pennsylvania,19,1311.3684210526317,295.9568682025429,1274.0,44.92276887871852,100.0
Secret Factory,Quebec,2,1273.5,516.8950570473662,1273.5,50.067934782608695,100.0
Secret Factory,Rhode Island,3,1394.3333333333333,210.16501453223214,1275.0,33.65036231884059,100.0
Secret Factory,South Carolina,1,909.0,,909.0,99.59239130434783,100.0
Secret Factory,Tennessee,3,1395.3333333333333,211.8875487925927,1273.0,33.5144927536232,100.0
Secret Factory,Texas,16,1227.0625,323.9083139305525,1271.5,56.377377717391305,100.0
Secret Factory,Utah,1,1275.0,,1275.0,49.86413043478261,100.0
Secret Factory,Vermont,1,1273.0,,1273.0,50.13586956521739,100.0
Secret Factory,Virginia,5,1053.4,200.01949904946767,910.0,79.97282608695652,100.0
Secret Factory,Washington,11,1472.3636363636363,190.50263658399734,1637.0,23.04841897233203,100.0
Secret Factory,Wisconsin,5,1346.4,163.5735308660909,1274.0,40.16304347826086,100.0
Sugar Shack,Arizona,1,1274.0,,1274.0,50.0,100.0
Sugar Shack,California,1,1638.0,,1638.0,0.5434782608695652,100.0
Sugar Shack,Connecticut,1,1641.0,,1641.0,0.1358695652173913,100.0
Sugar Shack,Delaware,1,910.0,,910.0,99.45652173913044,100.0
Sugar Shack,Florida,3,1031.0,211.31019852340302,909.0,83.0163043478261,100.0
Sugar Shack,Illinois,2,1089.0,257.3868683519033,1089.0,75.13586956521739,100.0
Sugar Shack,Michigan,3,1395.0,212.1768130592973,1273.0,33.55978260869565,100.0
Sugar Shack,New Jersey,1,1642.0,,1642.0,0.0,100.0
Sugar Shack,New York,9,1314.111111111111,285.4082358852159,1275.0,44.55012077294686,100.0
Sugar Shack,Ohio,2,1637.5,3.5355339059327378,1637.5,0.6114130434782609,100.0
Sugar Shack,Pennsylvania,3,1396.3333333333333,211.02211574461418,1275.0,33.37862318840581,100.0
Sugar Shack,Rhode Island,1,1273.0,,1273.0,50.13586956521739,100.0
Sugar Shack,Tennessee,1,1272.0,,1272.0,50.27173913043478,100.0
Sugar Shack,Texas,3,1395.3333333333333,212.7541617297611,1273.0,33.5144927536232,100.0
Sugar Shack,Washington,1,1638.0,,1638.0,0.5434782608695652,100.0
The Other Factory,Alabama,2,1457.0,257.3868683519033,1457.0,25.13586956521739,100.0
The Other Factory,Arizona,2,1271.5,0.7071067811865476,1271.5,50.33967391304348,100.0
The Other Factory,California,21,1325.0,265.12563059802415,1273.0,43.07065217391305,100.0
The Other Factory,Colorado,2,1273.5,2.1213203435596424,1273.5,50.067934782608695,100.0
The Other Factory,Connecticut,2,907.5,2.1213203435596424,907.5,99.7961956521739,100.0
The Other Factory,Delaware,2,1456.5,260.92240225783604,1456.5,25.203804347826086,100.0
The Other Factory,Florida,3,1029.3333333333333,212.7541617297611,907.0,83.2427536231884,100.0
The Other Factory,Georgia,2,1456.0,258.8010819142764,1456.0,25.27173913043478,100.0
The Other Factory,Indiana,1,1274.0,,1274.0,50.0,100.0
The Other Factory,Kentucky,2,1271.0,519.0163773909259,1271.0,50.40760869565217,100.0
The Other Factory,Louisiana,1,907.0,,907.0,99.86413043478261,100.0
The Other Factory,Maryland,1,1274.0,,1274.0,50.0,100.0
The Other Factory,Massachusetts,3,1150.6666666666667,211.02211574461415,1272.0,66.7572463768116,100.0
The Other Factory,Missouri,1,1275.0,,1275.0,49.86413043478261,100.0
The Other Factory,Nevada,1,1638.0,,1638.0,0.5434782608695652,100.0
The Other Factory,New Hampshire,2,1088.5,258.0939751330898,1088.5,75.2038043478261,100.0
The Other Factory,New Jersey,3,1395.3333333333333,211.02211574461418,1274.0,33.5144927536232,100.0
The Other Factory,New York,14,1351.9285714285713,326.8188075479026,1456.5,39.41187888198759,100.0
The Other Factory,North Carolina,1,1635.0,,1635.0,0.9510869565217391,100.0
The Other Factory,Ohio,3,1272.0,1.7320508075688772,1271.0,50.27173913043478,100.0
The Other Factory,Oregon,2,1089.0,258.8010819142764,1089.0,75.13586956521739,100.0
The Other Factory,Pennsylvania,7,1273.0,210.45981405801285,1274.0,50.13586956521739,100.0
The Other Factory,Rhode Island,1,1273.0,,1273.0,50.13586956521739,100.0
The Other Factory,South Carolina,1,1273.0,,1273.0,50.13586956521739,100.0
The Other Factory,Tennessee,3,1395.6666666666667,211.61364165226522,1276.0,33.46920289855071,100.0
The Other Factory,Texas,9,1191.5555555555557,304.5181074710957,1273.0,61.20169082125603,100.0
The Other Factory,Virginia,4,1180.5,181.674617563012,1270.5,62.703804347826086,100.0
The Other Factory,Washington,4,1275.0,298.0234890071586,1276.0,49.86413043478261,100.0
Wicked Choccy's,Alabama,22,1272.7272727272727,252.84291788685942,1273.0,50.17292490118577,100.0
Wicked Choccy's,Alberta,8,1274.375,338.3873256238436,1274.0,49.94904891304348,100.0
Wicked Choccy's,Arizona,105,1322.1142857142856,273.20323212574897,1275.0,43.46273291925467,100.0
Wicked Choccy's,Arkansas,27,1273.5185185185185,303.38213658309036,1272.0,50.06541867954912,100.0
Wicked Choccy's,British Columbia,4,1364.75,349.98321388318044,1456.0,37.66983695652174,100.0
Wicked Choccy's,California,823,1320.3268529769136,262.50029098941025,1274.0,43.70559062813673,100.0
Wicked Choccy's,Colorado,70,1319.8428571428572,256.20217535841715,1274.0,43.77135093167701,100.0
Wicked Choccy's,Connecticut,31,1272.8709677419354,267.3891972307388,1273.0,50.15340112201965,100.0
Wicked Choccy's,Delaware,49,1273.7142857142858,210.8829651726281,1274.0,50.03881987577638,100.0
Wicked Choccy's,District of Columbia,2,1275.0,0.0,1275.0,49.86413043478261,100.0
Wicked Choccy's,Florida,161,1305.0931677018634,250.265778754363,1273.0,45.77538482311638,100.0
Wicked Choccy's,Georgia,65,1346.1538461538462,251.88348191482982,1274.0,40.19648829431438,100.0
Wicked Choccy's,Idaho,7,1325.0,328.43264149593904,1274.0,43.07065217391305,100.0
Wicked Choccy's,Illinois,210,1329.1285714285714,266.256428622181,1274.0,42.509704968944106,100.0
Wicked Choccy's,Indiana,54,1402.462962962963,257.76533960268836,1275.5,32.545793075684365,100.0
Wicked Choccy's,Iowa,14,1403.7857142857142,272.0014645241762,1456.0,32.36607142857144,100.0
Wicked Choccy's,Kansas,9,1314.0,337.8424188878597,1273.0,44.56521739130435,100.0
Wicked Choccy's,Kentucky,58,1323.8103448275863,268.999344999956,1275.0,43.232290104947516,100.0
Wicked Choccy's,Louisiana,15,1272.2666666666667,337.9273942868849,1272.0,50.23550724637681,100.0
Wicked Choccy's,Maine,2,908.0,0.0,908.0,99.72826086956522,100.0
Wicked Choccy's,Manitoba,10,1455.6,192.9007804834162,1455.0,25.32608695652175,100.0
Wicked Choccy's,Maryland,41,1326.7073170731708,264.93803463285894,1274.0,42.8386797454931,100.0
Wicked Choccy's,Massachusetts,54,1334.4444444444443,253.27601966701243,1274.0,41.78743961352659,100.0
Wicked Choccy's,Michigan,100,1291.85,239.8593600972508,1273.5,47.57472826086958,100.0
Wicked Choccy's,Minnesota,45,1330.6888888888889,310.75646868292665,1275.0,42.29770531400966,100.0
Wicked Choccy's,Mississippi,22,1240.4545454545455,222.88962189788813,1274.0,54.557806324110665,100.0
Wicked Choccy's,Missouri,29,1311.103448275862,298.1196242195866,1273.0,44.95877061469265,100.0
Wicked Choccy's,Montana,7,1221.857142857143,389.89760560580885,911.0,57.08462732919254,100.0
Wicked Choccy's,Nebraska,14,1299.2857142857142,225.09773213204312,1274.0,46.56444099378883,100.0
Wicked Choccy's,Nevada,12,1182.25,226.37303284622928,1271.5,62.46603260869565,100.0
Wicked Choccy's,New Brunswick,4,1273.25,298.4296399488496,1273.0,50.10190217391305,100.0
Wicked Choccy's,New Hampshire,11,1340.090909090909,275.30072813033195,1274.0,41.02025691699606,100.0
Wicked Choccy's,New Jersey,59,1335.3898305084747,216.57458832603515,1273.0,41.6589904200442,100.0
Wicked Choccy's,New Mexico,17,1488.8823529411766,226.43042042560805,1639.0,20.80402813299231,100.0
Wicked Choccy's,New York,436,1311.883027522936,245.01327683661424,1274.0,44.85284952134023,100.0
Wicked Choccy's,North Carolina,101,1352.7623762376238,261.44093591153035,1274.0,39.29859018510546,100.0
Wicked Choccy's,North Dakota,2,1637.0,0.0,1637.0,0.6793478260869565,100.0
Wicked Choccy's,Nova Scotia,6,1272.6666666666667,326.91446383827474,1273.0,50.18115942028985,100.0
Wicked Choccy's,Ohio,189,1313.3544973544974,267.57040481995995,1273.0,44.65292155509546,100.0
Wicked Choccy's,Oklahoma,25,1332.0,250.49417824239603,1274.0,42.119565217391305,100.0
Wicked Choccy's,Ontario,30,1248.5666666666666,286.48700799011186,1272.5,53.455615942029,100.0
Wicked Choccy's,Oregon,43,1316.1627906976744,242.4143373718956,1273.0,44.27135995955511,100.0
Wicked Choccy's,Pennsylvania,227,1339.2202643171806,263.6735460367152,1274.0,41.13855104386133,100.0
Wicked Choccy's,Prince Edward Island,4,1457.0,211.31019852340302,1457.0,25.13586956521739,100.0
Wicked Choccy's,Quebec,24,1243.5833333333333,322.0927380181956,1274.0,54.13269927536233,100.0
Wicked Choccy's,Rhode Island,21,1359.6666666666667,280.1016482160242,1275.0,38.3605072463768,100.0
Wicked Choccy's,Saskatchewan,2,1457.0,258.8010819142764,1457.0,25.13586956521739,100.0
Wicked Choccy's,South Carolina,19,1234.2105263157894,240.89914416788338,1273.0,55.406178489702526,100.0
Wicked Choccy's,South Dakota,3,1152.0,422.62039704680603,908.0,66.57608695652173,100.0
Wicked Choccy's,Tennessee,67,1393.7611940298507,241.35828325442333,1276.0,33.72809863724855,100.0
Wicked Choccy's,Texas,388,1315.6082474226805,272.9403984763616,1274.0,44.34670551322276,100.0
Wicked Choccy's,Utah,23,1273.4782608695652,290.60233208806125,1273.0,50.070888468809066,100.0
Wicked Choccy's,Vermont,5,1418.6,200.2855461584785,1273.0,30.353260869565226,100.0
Wicked Choccy's,Virginia,106,1238.877358490566,254.77402509563655,1273.0,54.7720980311731,100.0
Wicked Choccy's,Washington,221,1375.7239819004526,270.80298241690485,1276.0,36.178806807003724,100.0
Wicked Choccy's,West Virginia,2,1639.0,0.0,1639.0,0.4076086956521739,100.0
Wicked Choccy's,Wisconsin,47,1312.2340425531916,205.32532116512877,1274.0,44.805157261794626,100.0
